{
  "id": "2272660",
  "name": "牛牛",
  "font_family": "iconfont",
  "css_prefix_text": "icon",
  "description": "牛牛APP",
  "glyphs": [
    {
      "icon_id": "14033528",
      "name": "搜索",
      "font_class": "sousuo1",
      "unicode": "e796",
      "unicode_decimal": 59286
    },
    {
      "icon_id": "827783",
      "name": "眼睛",
      "font_class": "yanjing",
      "unicode": "e681",
      "unicode_decimal": 59009
    },
    {
      "icon_id": "9287422",
      "name": "菜单",
      "font_class": "caidan",
      "unicode": "e623",
      "unicode_decimal": 58915
    },
    {
      "icon_id": "15885748",
      "name": "赞",
      "font_class": "zan",
      "unicode": "e60a",
      "unicode_decimal": 58890
    }
  ]
}
